Filename,Download Link=Direct Download ,Document View and Download=Public Share URL,Embed Link
Ankh-Morpork.pdf,https://austin.widen.net/content/xnjuwfs4tf/original/Ankh-Morpork.pdf?u=6bapu1&download=true,https://austin.widen.net/view/pdf/xnjuwfs4tf/Ankh-Morpork.pdf?t.download=true&u=6bapu1,"<iframe src=""https://austin.widen.net/view/pdf/xnjuwfs4tf/Ankh-Morpork.pdf?t.download=true&u=3s4cya"" webkitallowfullscreen mozallowfullscreen allowfullscreen title=""Document for &quot;Ankh-Morpork.pdf&quot;"" ></iframe>"
Anarres.pdf,https://austin.widen.net/content/z51ms68ycd/original/Anarres.pdf?u=6bapu1&download=true,https://austin.widen.net/view/pdf/z51ms68ycd/Anarres.pdf?t.download=true&u=6bapu1,"<iframe src=""https://austin.widen.net/view/pdf/z51ms68ycd/Anarres.pdf?t.download=true&u=3s4cya"" webkitallowfullscreen mozallowfullscreen allowfullscreen title=""Document for &quot;Anarres.pdf&quot;"" ></iframe>"
Zembla.pdf,https://austin.widen.net/content/uf1qaj2uye/original/Zembla.pdf?u=6bapu1&download=true,https://austin.widen.net/view/pdf/uf1qaj2uye/Zembla.pdf?t.download=true&u=6bapu1,"<iframe src=""https://austin.widen.net/view/pdf/uf1qaj2uye/Zembla.pdf?t.download=true&u=3s4cya"" webkitallowfullscreen mozallowfullscreen allowfullscreen title=""Document for &quot;Zembla.pdf&quot;"" ></iframe>"
Yoknapatawpha County.pdf,https://austin.widen.net/content/ogd0anlibc/original/Yoknapatawpha-County.pdf?u=6bapu1&download=true,https://austin.widen.net/view/pdf/ogd0anlibc/Yoknapatawpha-County.pdf?t.download=true&u=6bapu1,"<iframe src=""https://austin.widen.net/view/pdf/ogd0anlibc/Yoknapatawpha-County.pdf?t.download=true&u=3s4cya"" webkitallowfullscreen mozallowfullscreen allowfullscreen title=""Document for &quot;Yoknapatawpha County.pdf&quot;"" ></iframe>"
Wonderland.pdf,https://austin.widen.net/content/sbssrfkiu5/original/Wonderland.pdf?u=6bapu1&download=true,https://austin.widen.net/view/pdf/sbssrfkiu5/Wonderland.pdf?t.download=true&u=6bapu1,"<iframe src=""https://austin.widen.net/view/pdf/sbssrfkiu5/Wonderland.pdf?t.download=true&u=3s4cya"" webkitallowfullscreen mozallowfullscreen allowfullscreen title=""Document for &quot;Wonderland.pdf&quot;"" ></iframe>"
Westeros.pdf,https://austin.widen.net/content/4hqsl9rvoc/original/Westeros.pdf?u=6bapu1&download=true,https://austin.widen.net/view/pdf/4hqsl9rvoc/Westeros.pdf?t.download=true&u=6bapu1,"<iframe src=""https://austin.widen.net/view/pdf/4hqsl9rvoc/Westeros.pdf?t.download=true&u=3s4cya"" webkitallowfullscreen mozallowfullscreen allowfullscreen title=""Document for &quot;Westeros.pdf&quot;"" ></iframe>"
Watership Down.pdf,https://austin.widen.net/content/wz6fwopxo9/original/Watership-Down.pdf?u=6bapu1&download=true,https://austin.widen.net/view/pdf/wz6fwopxo9/Watership-Down.pdf?t.download=true&u=6bapu1,"<iframe src=""https://austin.widen.net/view/pdf/wz6fwopxo9/Watership-Down.pdf?t.download=true&u=3s4cya"" webkitallowfullscreen mozallowfullscreen allowfullscreen title=""Document for &quot;Watership Down.pdf&quot;"" ></iframe>"
Waterdeep.pdf,https://austin.widen.net/content/jrssa8tefu/original/Waterdeep.pdf?u=6bapu1&download=true,https://austin.widen.net/view/pdf/jrssa8tefu/Waterdeep.pdf?t.download=true&u=6bapu1,"<iframe src=""https://austin.widen.net/view/pdf/jrssa8tefu/Waterdeep.pdf?t.download=true&u=3s4cya"" webkitallowfullscreen mozallowfullscreen allowfullscreen title=""Document for &quot;Waterdeep.pdf&quot;"" ></iframe>"
Wakanda.pdf,https://austin.widen.net/content/b1pl7nvyn3/original/Wakanda.pdf?u=6bapu1&download=true,https://austin.widen.net/view/pdf/b1pl7nvyn3/Wakanda.pdf?t.download=true&u=6bapu1,"<iframe src=""https://austin.widen.net/view/pdf/b1pl7nvyn3/Wakanda.pdf?t.download=true&u=3s4cya"" webkitallowfullscreen mozallowfullscreen allowfullscreen title=""Document for &quot;Wakanda.pdf&quot;"" ></iframe>"
Villa Villekulla.pdf,https://austin.widen.net/content/hyxdfa5ych/original/Villa-Villekulla.pdf?u=6bapu1&download=true,https://austin.widen.net/view/pdf/hyxdfa5ych/Villa-Villekulla.pdf?t.download=true&u=6bapu1,"<iframe src=""https://austin.widen.net/view/pdf/hyxdfa5ych/Villa-Villekulla.pdf?t.download=true&u=3s4cya"" webkitallowfullscreen mozallowfullscreen allowfullscreen title=""Document for &quot;Villa Villekulla.pdf&quot;"" ></iframe>"
Truffula Valley.pdf,https://austin.widen.net/content/sfeukpr7wp/original/Truffula-Valley.pdf?u=6bapu1&download=true,https://austin.widen.net/view/pdf/sfeukpr7wp/Truffula-Valley.pdf?t.download=true&u=6bapu1,"<iframe src=""https://austin.widen.net/view/pdf/sfeukpr7wp/Truffula-Valley.pdf?t.download=true&u=3s4cya"" webkitallowfullscreen mozallowfullscreen allowfullscreen title=""Document for &quot;Truffula Valley.pdf&quot;"" ></iframe>"
Trude.pdf,https://austin.widen.net/content/6gpklqlq5r/original/Trude.pdf?u=6bapu1&download=true,https://austin.widen.net/view/pdf/6gpklqlq5r/Trude.pdf?t.download=true&u=6bapu1,"<iframe src=""https://austin.widen.net/view/pdf/6gpklqlq5r/Trude.pdf?t.download=true&u=3s4cya"" webkitallowfullscreen mozallowfullscreen allowfullscreen title=""Document for &quot;Trude.pdf&quot;"" ></iframe>"
Trisolaris.pdf,https://austin.widen.net/content/ydf615zuqv/original/Trisolaris.pdf?u=6bapu1&download=true,https://austin.widen.net/view/pdf/ydf615zuqv/Trisolaris.pdf?t.download=true&u=6bapu1,"<iframe src=""https://austin.widen.net/view/pdf/ydf615zuqv/Trisolaris.pdf?t.download=true&u=3s4cya"" webkitallowfullscreen mozallowfullscreen allowfullscreen title=""Document for &quot;Trisolaris.pdf&quot;"" ></iframe>"
Treasure Island.pdf,https://austin.widen.net/content/39zkzxen2u/original/Treasure-Island.pdf?u=6bapu1&download=true,https://austin.widen.net/view/pdf/39zkzxen2u/Treasure-Island.pdf?t.download=true&u=6bapu1,"<iframe src=""https://austin.widen.net/view/pdf/39zkzxen2u/Treasure-Island.pdf?t.download=true&u=3s4cya"" webkitallowfullscreen mozallowfullscreen allowfullscreen title=""Document for &quot;Treasure Island.pdf&quot;"" ></iframe>"
Trantor.pdf,https://austin.widen.net/content/plzvvtoh1p/original/Trantor.pdf?u=6bapu1&download=true,https://austin.widen.net/view/pdf/plzvvtoh1p/Trantor.pdf?t.download=true&u=6bapu1,"<iframe src=""https://austin.widen.net/view/pdf/plzvvtoh1p/Trantor.pdf?t.download=true&u=3s4cya"" webkitallowfullscreen mozallowfullscreen allowfullscreen title=""Document for &quot;Trantor.pdf&quot;"" ></iframe>"
Tralfamadore.pdf,https://austin.widen.net/content/mugy8ktbnd/original/Tralfamadore.pdf?u=6bapu1&download=true,https://austin.widen.net/view/pdf/mugy8ktbnd/Tralfamadore.pdf?t.download=true&u=6bapu1,"<iframe src=""https://austin.widen.net/view/pdf/mugy8ktbnd/Tralfamadore.pdf?t.download=true&u=3s4cya"" webkitallowfullscreen mozallowfullscreen allowfullscreen title=""Document for &quot;Tralfamadore.pdf&quot;"" ></iframe>"
Toad Hall.pdf,https://austin.widen.net/content/9fah3se9x5/original/Toad-Hall.pdf?u=6bapu1&download=true,https://austin.widen.net/view/pdf/9fah3se9x5/Toad-Hall.pdf?t.download=true&u=6bapu1,"<iframe src=""https://austin.widen.net/view/pdf/9fah3se9x5/Toad-Hall.pdf?t.download=true&u=3s4cya"" webkitallowfullscreen mozallowfullscreen allowfullscreen title=""Document for &quot;Toad Hall.pdf&quot;"" ></iframe>"
Tlon.pdf,https://austin.widen.net/content/qt0kwrm9p7/original/Tlon.pdf?u=6bapu1&download=true,https://austin.widen.net/view/pdf/qt0kwrm9p7/Tlon.pdf?t.download=true&u=6bapu1,"<iframe src=""https://austin.widen.net/view/pdf/qt0kwrm9p7/Tlon.pdf?t.download=true&u=3s4cya"" webkitallowfullscreen mozallowfullscreen allowfullscreen title=""Document for &quot;Tlon.pdf&quot;"" ></iframe>"
Themyscira.pdf,https://austin.widen.net/content/zclynnoivn/original/Themyscira.pdf?u=6bapu1&download=true,https://austin.widen.net/view/pdf/zclynnoivn/Themyscira.pdf?t.download=true&u=6bapu1,"<iframe src=""https://austin.widen.net/view/pdf/zclynnoivn/Themyscira.pdf?t.download=true&u=3s4cya"" webkitallowfullscreen mozallowfullscreen allowfullscreen title=""Document for &quot;Themyscira.pdf&quot;"" ></iframe>"
The Stillness.pdf,https://austin.widen.net/content/s33igaaz62/original/The-Stillness.pdf?u=6bapu1&download=true,https://austin.widen.net/view/pdf/s33igaaz62/The-Stillness.pdf?t.download=true&u=6bapu1,"<iframe src=""https://austin.widen.net/view/pdf/s33igaaz62/The-Stillness.pdf?t.download=true&u=3s4cya"" webkitallowfullscreen mozallowfullscreen allowfullscreen title=""Document for &quot;The Stillness.pdf&quot;"" ></iframe>"
The Matrix.pdf,https://austin.widen.net/content/4czx9bqovp/original/The-Matrix.pdf?u=6bapu1&download=true,https://austin.widen.net/view/pdf/4czx9bqovp/The-Matrix.pdf?t.download=true&u=6bapu1,"<iframe src=""https://austin.widen.net/view/pdf/4czx9bqovp/The-Matrix.pdf?t.download=true&u=3s4cya"" webkitallowfullscreen mozallowfullscreen allowfullscreen title=""Document for &quot;The Matrix.pdf&quot;"" ></iframe>"
The Island of Myst.pdf,https://austin.widen.net/content/0amatcjblx/original/The-Island-of-Myst.pdf?u=6bapu1&download=true,https://austin.widen.net/view/pdf/0amatcjblx/The-Island-of-Myst.pdf?t.download=true&u=6bapu1,"<iframe src=""https://austin.widen.net/view/pdf/0amatcjblx/The-Island-of-Myst.pdf?t.download=true&u=3s4cya"" webkitallowfullscreen mozallowfullscreen allowfullscreen title=""Document for &quot;The Island of Myst.pdf&quot;"" ></iframe>"
The Emerald City.pdf,https://austin.widen.net/content/xguj81zonn/original/The-Emerald-City.pdf?u=6bapu1&download=true,https://austin.widen.net/view/pdf/xguj81zonn/The-Emerald-City.pdf?t.download=true&u=6bapu1,"<iframe src=""https://austin.widen.net/view/pdf/xguj81zonn/The-Emerald-City.pdf?t.download=true&u=3s4cya"" webkitallowfullscreen mozallowfullscreen allowfullscreen title=""Document for &quot;The Emerald City.pdf&quot;"" ></iframe>"
The Dreamlands.pdf,https://austin.widen.net/content/5kjxxhjyed/original/The-Dreamlands.pdf?u=6bapu1&download=true,https://austin.widen.net/view/pdf/5kjxxhjyed/The-Dreamlands.pdf?t.download=true&u=6bapu1,"<iframe src=""https://austin.widen.net/view/pdf/5kjxxhjyed/The-Dreamlands.pdf?t.download=true&u=3s4cya"" webkitallowfullscreen mozallowfullscreen allowfullscreen title=""Document for &quot;The Dreamlands.pdf&quot;"" ></iframe>"
Tatooine.pdf,https://austin.widen.net/content/jfkrtxrwyv/original/Tatooine.pdf?u=6bapu1&download=true,https://austin.widen.net/view/pdf/jfkrtxrwyv/Tatooine.pdf?t.download=true&u=6bapu1,"<iframe src=""https://austin.widen.net/view/pdf/jfkrtxrwyv/Tatooine.pdf?t.download=true&u=3s4cya"" webkitallowfullscreen mozallowfullscreen allowfullscreen title=""Document for &quot;Tatooine.pdf&quot;"" ></iframe>"
Snark Island.pdf,https://austin.widen.net/content/alnjiapbpz/original/Snark-Island.pdf?u=6bapu1&download=true,https://austin.widen.net/view/pdf/alnjiapbpz/Snark-Island.pdf?t.download=true&u=6bapu1,"<iframe src=""https://austin.widen.net/view/pdf/alnjiapbpz/Snark-Island.pdf?t.download=true&u=3s4cya"" webkitallowfullscreen mozallowfullscreen allowfullscreen title=""Document for &quot;Snark Island.pdf&quot;"" ></iframe>"
Slumberland.pdf,https://austin.widen.net/content/dwhfdssbqt/original/Slumberland.pdf?u=6bapu1&download=true,https://austin.widen.net/view/pdf/dwhfdssbqt/Slumberland.pdf?t.download=true&u=6bapu1,"<iframe src=""https://austin.widen.net/view/pdf/dwhfdssbqt/Slumberland.pdf?t.download=true&u=3s4cya"" webkitallowfullscreen mozallowfullscreen allowfullscreen title=""Document for &quot;Slumberland.pdf&quot;"" ></iframe>"
SimCity.pdf,https://austin.widen.net/content/gseyn75lgi/original/SimCity.pdf?u=6bapu1&download=true,https://austin.widen.net/view/pdf/gseyn75lgi/SimCity.pdf?t.download=true&u=6bapu1,"<iframe src=""https://austin.widen.net/view/pdf/gseyn75lgi/SimCity.pdf?t.download=true&u=3s4cya"" webkitallowfullscreen mozallowfullscreen allowfullscreen title=""Document for &quot;SimCity.pdf&quot;"" ></iframe>"
Shangri-La.pdf,https://austin.widen.net/content/qs9rklwlif/original/Shangri-La.pdf?u=6bapu1&download=true,https://austin.widen.net/view/pdf/qs9rklwlif/Shangri-La.pdf?t.download=true&u=6bapu1,"<iframe src=""https://austin.widen.net/view/pdf/qs9rklwlif/Shangri-La.pdf?t.download=true&u=3s4cya"" webkitallowfullscreen mozallowfullscreen allowfullscreen title=""Document for &quot;Shangri-La.pdf&quot;"" ></iframe>"
San Junipero.pdf,https://austin.widen.net/content/1xr7setejo/original/San-Junipero.pdf?u=6bapu1&download=true,https://austin.widen.net/view/pdf/1xr7setejo/San-Junipero.pdf?t.download=true&u=6bapu1,"<iframe src=""https://austin.widen.net/view/pdf/1xr7setejo/San-Junipero.pdf?t.download=true&u=3s4cya"" webkitallowfullscreen mozallowfullscreen allowfullscreen title=""Document for &quot;San Junipero.pdf&quot;"" ></iframe>"
Sam-sam-sa-mara.pdf,https://austin.widen.net/content/5ifnvhnecc/original/Sam-sam-sa-mara.pdf?u=6bapu1&download=true,https://austin.widen.net/view/pdf/5ifnvhnecc/Sam-sam-sa-mara.pdf?t.download=true&u=6bapu1,"<iframe src=""https://austin.widen.net/view/pdf/5ifnvhnecc/Sam-sam-sa-mara.pdf?t.download=true&u=3s4cya"" webkitallowfullscreen mozallowfullscreen allowfullscreen title=""Document for &quot;Sam-sam-sa-mara.pdf&quot;"" ></iframe>"
Rhyonon.pdf,https://austin.widen.net/content/4js43nn81g/original/Rhyonon.pdf?u=6bapu1&download=true,https://austin.widen.net/view/pdf/4js43nn81g/Rhyonon.pdf?t.download=true&u=6bapu1,"<iframe src=""https://austin.widen.net/view/pdf/4js43nn81g/Rhyonon.pdf?t.download=true&u=3s4cya"" webkitallowfullscreen mozallowfullscreen allowfullscreen title=""Document for &quot;Rhyonon.pdf&quot;"" ></iframe>"
Peyton Place.pdf,https://austin.widen.net/content/pmzlhy7lav/original/Peyton-Place.pdf?u=6bapu1&download=true,https://austin.widen.net/view/pdf/pmzlhy7lav/Peyton-Place.pdf?t.download=true&u=6bapu1,"<iframe src=""https://austin.widen.net/view/pdf/pmzlhy7lav/Peyton-Place.pdf?t.download=true&u=3s4cya"" webkitallowfullscreen mozallowfullscreen allowfullscreen title=""Document for &quot;Peyton Place.pdf&quot;"" ></iframe>"
Pern.pdf,https://austin.widen.net/content/zvohnpphrl/original/Pern.pdf?u=6bapu1&download=true,https://austin.widen.net/view/pdf/zvohnpphrl/Pern.pdf?t.download=true&u=6bapu1,"<iframe src=""https://austin.widen.net/view/pdf/zvohnpphrl/Pern.pdf?t.download=true&u=3s4cya"" webkitallowfullscreen mozallowfullscreen allowfullscreen title=""Document for &quot;Pern.pdf&quot;"" ></iframe>"
Pemberley.pdf,https://austin.widen.net/content/7bniisb7h0/original/Pemberley.pdf?u=6bapu1&download=true,https://austin.widen.net/view/pdf/7bniisb7h0/Pemberley.pdf?t.download=true&u=6bapu1,"<iframe src=""https://austin.widen.net/view/pdf/7bniisb7h0/Pemberley.pdf?t.download=true&u=3s4cya"" webkitallowfullscreen mozallowfullscreen allowfullscreen title=""Document for &quot;Pemberley.pdf&quot;"" ></iframe>"
Pellucidar.pdf,https://austin.widen.net/content/zlpcq6l7f5/original/Pellucidar.pdf?u=6bapu1&download=true,https://austin.widen.net/view/pdf/zlpcq6l7f5/Pellucidar.pdf?t.download=true&u=6bapu1,"<iframe src=""https://austin.widen.net/view/pdf/zlpcq6l7f5/Pellucidar.pdf?t.download=true&u=3s4cya"" webkitallowfullscreen mozallowfullscreen allowfullscreen title=""Document for &quot;Pellucidar.pdf&quot;"" ></iframe>"
Pegana.pdf,https://austin.widen.net/content/z6trf3ursk/original/Pegana.pdf?u=6bapu1&download=true,https://austin.widen.net/view/pdf/z6trf3ursk/Pegana.pdf?t.download=true&u=6bapu1,"<iframe src=""https://austin.widen.net/view/pdf/z6trf3ursk/Pegana.pdf?t.download=true&u=3s4cya"" webkitallowfullscreen mozallowfullscreen allowfullscreen title=""Document for &quot;Pegana.pdf&quot;"" ></iframe>"
Panem.pdf,https://austin.widen.net/content/kum0rgwdak/original/Panem.pdf?u=6bapu1&download=true,https://austin.widen.net/view/pdf/kum0rgwdak/Panem.pdf?t.download=true&u=6bapu1,"<iframe src=""https://austin.widen.net/view/pdf/kum0rgwdak/Panem.pdf?t.download=true&u=3s4cya"" webkitallowfullscreen mozallowfullscreen allowfullscreen title=""Document for &quot;Panem.pdf&quot;"" ></iframe>"
Orbitsville.pdf,https://austin.widen.net/content/gy0uqscpic/original/Orbitsville.pdf?u=6bapu1&download=true,https://austin.widen.net/view/pdf/gy0uqscpic/Orbitsville.pdf?t.download=true&u=6bapu1,"<iframe src=""https://austin.widen.net/view/pdf/gy0uqscpic/Orbitsville.pdf?t.download=true&u=3s4cya"" webkitallowfullscreen mozallowfullscreen allowfullscreen title=""Document for &quot;Orbitsville.pdf&quot;"" ></iframe>"
Oomza Uni.pdf,https://austin.widen.net/content/w3g9iajtkz/original/Oomza-Uni.pdf?u=6bapu1&download=true,https://austin.widen.net/view/pdf/w3g9iajtkz/Oomza-Uni.pdf?t.download=true&u=6bapu1,"<iframe src=""https://austin.widen.net/view/pdf/w3g9iajtkz/Oomza-Uni.pdf?t.download=true&u=3s4cya"" webkitallowfullscreen mozallowfullscreen allowfullscreen title=""Document for &quot;Oomza Uni.pdf&quot;"" ></iframe>"
Olinka.pdf,https://austin.widen.net/content/4crqqimfre/original/Olinka.pdf?u=6bapu1&download=true,https://austin.widen.net/view/pdf/4crqqimfre/Olinka.pdf?t.download=true&u=6bapu1,"<iframe src=""https://austin.widen.net/view/pdf/4crqqimfre/Olinka.pdf?t.download=true&u=3s4cya"" webkitallowfullscreen mozallowfullscreen allowfullscreen title=""Document for &quot;Olinka.pdf&quot;"" ></iframe>"
NightKitchen.pdf,https://austin.widen.net/content/xzocdyvayp/original/NightKitchen.pdf?u=6bapu1&download=true,https://austin.widen.net/view/pdf/xzocdyvayp/NightKitchen.pdf?t.download=true&u=6bapu1,"<iframe src=""https://austin.widen.net/view/pdf/xzocdyvayp/NightKitchen.pdf?t.download=true&u=3s4cya"" webkitallowfullscreen mozallowfullscreen allowfullscreen title=""Document for &quot;NightKitchen.pdf&quot;"" ></iframe>"
Night Vale.pdf,https://austin.widen.net/content/fvcmgze5sg/original/Night-Vale.pdf?u=6bapu1&download=true,https://austin.widen.net/view/pdf/fvcmgze5sg/Night-Vale.pdf?t.download=true&u=6bapu1,"<iframe src=""https://austin.widen.net/view/pdf/fvcmgze5sg/Night-Vale.pdf?t.download=true&u=3s4cya"" webkitallowfullscreen mozallowfullscreen allowfullscreen title=""Document for &quot;Night Vale.pdf&quot;"" ></iframe>"
New Crobuzon.pdf,https://austin.widen.net/content/ebjrhmhbst/original/New-Crobuzon.pdf?u=6bapu1&download=true,https://austin.widen.net/view/pdf/ebjrhmhbst/New-Crobuzon.pdf?t.download=true&u=6bapu1,"<iframe src=""https://austin.widen.net/view/pdf/ebjrhmhbst/New-Crobuzon.pdf?t.download=true&u=3s4cya"" webkitallowfullscreen mozallowfullscreen allowfullscreen title=""Document for &quot;New Crobuzon.pdf&quot;"" ></iframe>"
Neverwhere.pdf,https://austin.widen.net/content/bmc9y92mow/original/Neverwhere.pdf?u=6bapu1&download=true,https://austin.widen.net/view/pdf/bmc9y92mow/Neverwhere.pdf?t.download=true&u=6bapu1,"<iframe src=""https://austin.widen.net/view/pdf/bmc9y92mow/Neverwhere.pdf?t.download=true&u=3s4cya"" webkitallowfullscreen mozallowfullscreen allowfullscreen title=""Document for &quot;Neverwhere.pdf&quot;"" ></iframe>"
Neverland.pdf,https://austin.widen.net/content/a2nlygzibz/original/Neverland.pdf?u=6bapu1&download=true,https://austin.widen.net/view/pdf/a2nlygzibz/Neverland.pdf?t.download=true&u=6bapu1,"<iframe src=""https://austin.widen.net/view/pdf/a2nlygzibz/Neverland.pdf?t.download=true&u=3s4cya"" webkitallowfullscreen mozallowfullscreen allowfullscreen title=""Document for &quot;Neverland.pdf&quot;"" ></iframe>"
Nessus.pdf,https://austin.widen.net/content/fwxw2zkhrz/original/Nessus.pdf?u=6bapu1&download=true,https://austin.widen.net/view/pdf/fwxw2zkhrz/Nessus.pdf?t.download=true&u=6bapu1,"<iframe src=""https://austin.widen.net/view/pdf/fwxw2zkhrz/Nessus.pdf?t.download=true&u=3s4cya"" webkitallowfullscreen mozallowfullscreen allowfullscreen title=""Document for &quot;Nessus.pdf&quot;"" ></iframe>"
Neo Tokyo.pdf,https://austin.widen.net/content/wewpkvxtbd/original/Neo-Tokyo.pdf?u=6bapu1&download=true,https://austin.widen.net/view/pdf/wewpkvxtbd/Neo-Tokyo.pdf?t.download=true&u=6bapu1,"<iframe src=""https://austin.widen.net/view/pdf/wewpkvxtbd/Neo-Tokyo.pdf?t.download=true&u=3s4cya"" webkitallowfullscreen mozallowfullscreen allowfullscreen title=""Document for &quot;Neo Tokyo.pdf&quot;"" ></iframe>"
Narnia.pdf,https://austin.widen.net/content/r0wtnhnx5u/original/Narnia.pdf?u=6bapu1&download=true,https://austin.widen.net/view/pdf/r0wtnhnx5u/Narnia.pdf?t.download=true&u=6bapu1,"<iframe src=""https://austin.widen.net/view/pdf/r0wtnhnx5u/Narnia.pdf?t.download=true&u=3s4cya"" webkitallowfullscreen mozallowfullscreen allowfullscreen title=""Document for &quot;Narnia.pdf&quot;"" ></iframe>"
Na-Nupp.pdf,https://austin.widen.net/content/ssdbjffzp1/original/Na-Nupp.pdf?u=6bapu1&download=true,https://austin.widen.net/view/pdf/ssdbjffzp1/Na-Nupp.pdf?t.download=true&u=6bapu1,"<iframe src=""https://austin.widen.net/view/pdf/ssdbjffzp1/Na-Nupp.pdf?t.download=true&u=3s4cya"" webkitallowfullscreen mozallowfullscreen allowfullscreen title=""Document for &quot;Na-Nupp.pdf&quot;"" ></iframe>"
Mushroom Kingdom.pdf,https://austin.widen.net/content/l5yhewns5q/original/Mushroom-Kingdom.pdf?u=6bapu1&download=true,https://austin.widen.net/view/pdf/l5yhewns5q/Mushroom-Kingdom.pdf?t.download=true&u=6bapu1,"<iframe src=""https://austin.widen.net/view/pdf/l5yhewns5q/Mushroom-Kingdom.pdf?t.download=true&u=3s4cya"" webkitallowfullscreen mozallowfullscreen allowfullscreen title=""Document for &quot;Mushroom Kingdom.pdf&quot;"" ></iframe>"
Moosylvania.pdf,https://austin.widen.net/content/2mmgpezhhb/original/Moosylvania.pdf?u=6bapu1&download=true,https://austin.widen.net/view/pdf/2mmgpezhhb/Moosylvania.pdf?t.download=true&u=6bapu1,"<iframe src=""https://austin.widen.net/view/pdf/2mmgpezhhb/Moosylvania.pdf?t.download=true&u=3s4cya"" webkitallowfullscreen mozallowfullscreen allowfullscreen title=""Document for &quot;Moosylvania.pdf&quot;"" ></iframe>"
Moomin Valley.pdf,https://austin.widen.net/content/dmnbh6zpaa/original/Moomin-Valley.pdf?u=6bapu1&download=true,https://austin.widen.net/view/pdf/dmnbh6zpaa/Moomin-Valley.pdf?t.download=true&u=6bapu1,"<iframe src=""https://austin.widen.net/view/pdf/dmnbh6zpaa/Moomin-Valley.pdf?t.download=true&u=3s4cya"" webkitallowfullscreen mozallowfullscreen allowfullscreen title=""Document for &quot;Moomin Valley.pdf&quot;"" ></iframe>"
MoodyLand.pdf,https://austin.widen.net/content/5cnophxvof/original/MoodyLand.pdf?u=6bapu1&download=true,https://austin.widen.net/view/pdf/5cnophxvof/MoodyLand.pdf?t.download=true&u=6bapu1,"<iframe src=""https://austin.widen.net/view/pdf/5cnophxvof/MoodyLand.pdf?t.download=true&u=3s4cya"" webkitallowfullscreen mozallowfullscreen allowfullscreen title=""Document for &quot;MoodyLand.pdf&quot;"" ></iframe>"
Middle-earth.pdf,https://austin.widen.net/content/4lqx6xztj7/original/Middle-earth.pdf?u=6bapu1&download=true,https://austin.widen.net/view/pdf/4lqx6xztj7/Middle-earth.pdf?t.download=true&u=6bapu1,"<iframe src=""https://austin.widen.net/view/pdf/4lqx6xztj7/Middle-earth.pdf?t.download=true&u=3s4cya"" webkitallowfullscreen mozallowfullscreen allowfullscreen title=""Document for &quot;Middle-earth.pdf&quot;"" ></iframe>"
Metropolis.pdf,https://austin.widen.net/content/imysqn34f8/original/Metropolis.pdf?u=6bapu1&download=true,https://austin.widen.net/view/pdf/imysqn34f8/Metropolis.pdf?t.download=true&u=6bapu1,"<iframe src=""https://austin.widen.net/view/pdf/imysqn34f8/Metropolis.pdf?t.download=true&u=3s4cya"" webkitallowfullscreen mozallowfullscreen allowfullscreen title=""Document for &quot;Metropolis.pdf&quot;"" ></iframe>"
Metaverse.pdf,https://austin.widen.net/content/h5xinaj9te/original/Metaverse.pdf?u=6bapu1&download=true,https://austin.widen.net/view/pdf/h5xinaj9te/Metaverse.pdf?t.download=true&u=6bapu1,"<iframe src=""https://austin.widen.net/view/pdf/h5xinaj9te/Metaverse.pdf?t.download=true&u=3s4cya"" webkitallowfullscreen mozallowfullscreen allowfullscreen title=""Document for &quot;Metaverse.pdf&quot;"" ></iframe>"
Macondo.pdf,https://austin.widen.net/content/b9uirn3h82/original/Macondo.pdf?u=6bapu1&download=true,https://austin.widen.net/view/pdf/b9uirn3h82/Macondo.pdf?t.download=true&u=6bapu1,"<iframe src=""https://austin.widen.net/view/pdf/b9uirn3h82/Macondo.pdf?t.download=true&u=3s4cya"" webkitallowfullscreen mozallowfullscreen allowfullscreen title=""Document for &quot;Macondo.pdf&quot;"" ></iframe>"
Lilliput.pdf,https://austin.widen.net/content/ssl21qajb6/original/Lilliput.pdf?u=6bapu1&download=true,https://austin.widen.net/view/pdf/ssl21qajb6/Lilliput.pdf?t.download=true&u=6bapu1,"<iframe src=""https://austin.widen.net/view/pdf/ssl21qajb6/Lilliput.pdf?t.download=true&u=3s4cya"" webkitallowfullscreen mozallowfullscreen allowfullscreen title=""Document for &quot;Lilliput.pdf&quot;"" ></iframe>"
Isla Nublar.pdf,https://austin.widen.net/content/p8oqubiinl/original/Isla-Nublar.pdf?u=6bapu1&download=true,https://austin.widen.net/view/pdf/p8oqubiinl/Isla-Nublar.pdf?t.download=true&u=6bapu1,"<iframe src=""https://austin.widen.net/view/pdf/p8oqubiinl/Isla-Nublar.pdf?t.download=true&u=3s4cya"" webkitallowfullscreen mozallowfullscreen allowfullscreen title=""Document for &quot;Isla Nublar.pdf&quot;"" ></iframe>"
Hyperborea.pdf,https://austin.widen.net/content/yvwrwjwguj/original/Hyperborea.pdf?u=6bapu1&download=true,https://austin.widen.net/view/pdf/yvwrwjwguj/Hyperborea.pdf?t.download=true&u=6bapu1,"<iframe src=""https://austin.widen.net/view/pdf/yvwrwjwguj/Hyperborea.pdf?t.download=true&u=3s4cya"" webkitallowfullscreen mozallowfullscreen allowfullscreen title=""Document for &quot;Hyperborea.pdf&quot;"" ></iframe>"
Hundred Acre Wood.pdf,https://austin.widen.net/content/7qa4bpb9qo/original/Hundred-Acre-Wood.pdf?u=6bapu1&download=true,https://austin.widen.net/view/pdf/7qa4bpb9qo/Hundred-Acre-Wood.pdf?t.download=true&u=6bapu1,"<iframe src=""https://austin.widen.net/view/pdf/7qa4bpb9qo/Hundred-Acre-Wood.pdf?t.download=true&u=3s4cya"" webkitallowfullscreen mozallowfullscreen allowfullscreen title=""Document for &quot;Hundred Acre Wood.pdf&quot;"" ></iframe>"
Howls Moving Castle.pdf,https://austin.widen.net/content/osnkuqhabr/original/Howls-Moving-Castle.pdf?u=6bapu1&download=true,https://austin.widen.net/view/pdf/osnkuqhabr/Howls-Moving-Castle.pdf?t.download=true&u=6bapu1,"<iframe src=""https://austin.widen.net/view/pdf/osnkuqhabr/Howls-Moving-Castle.pdf?t.download=true&u=3s4cya"" webkitallowfullscreen mozallowfullscreen allowfullscreen title=""Document for &quot;Howls Moving Castle.pdf&quot;"" ></iframe>"
Hogwarts.pdf,https://austin.widen.net/content/7ffzei9dkg/original/Hogwarts.pdf?u=6bapu1&download=true,https://austin.widen.net/view/pdf/7ffzei9dkg/Hogwarts.pdf?t.download=true&u=6bapu1,"<iframe src=""https://austin.widen.net/view/pdf/7ffzei9dkg/Hogwarts.pdf?t.download=true&u=srvgw2"" webkitallowfullscreen mozallowfullscreen allowfullscreen title=""Document for &quot;Hogwarts.pdf&quot;"" ></iframe>"
Hill Valley.pdf,https://austin.widen.net/content/brznmx3azs/original/Hill-Valley.pdf?u=6bapu1&download=true,https://austin.widen.net/view/pdf/brznmx3azs/Hill-Valley.pdf?t.download=true&u=6bapu1,"<iframe src=""https://austin.widen.net/view/pdf/brznmx3azs/Hill-Valley.pdf?t.download=true&u=srvgw2"" webkitallowfullscreen mozallowfullscreen allowfullscreen title=""Document for &quot;Hill Valley.pdf&quot;"" ></iframe>"
Herland.pdf,https://austin.widen.net/content/c6kgjq7pxk/original/Herland.pdf?u=6bapu1&download=true,https://austin.widen.net/view/pdf/c6kgjq7pxk/Herland.pdf?t.download=true&u=6bapu1,"<iframe src=""https://austin.widen.net/view/pdf/c6kgjq7pxk/Herland.pdf?t.download=true&u=srvgw2"" webkitallowfullscreen mozallowfullscreen allowfullscreen title=""Document for &quot;Herland.pdf&quot;"" ></iframe>"
Grover's Corners.pdf,https://austin.widen.net/content/w4cfqy3mju/original/Grovers-Corners.pdf?u=6bapu1&download=true,https://austin.widen.net/view/pdf/w4cfqy3mju/Grovers-Corners.pdf?t.download=true&u=6bapu1,"<iframe src=""https://austin.widen.net/view/pdf/w4cfqy3mju/Grovers-Corners.pdf?t.download=true&u=srvgw2"" webkitallowfullscreen mozallowfullscreen allowfullscreen title=""Document for &quot;Grover's Corners.pdf&quot;"" ></iframe>"
Gramble-Blamble.pdf,https://austin.widen.net/content/bqeqtgrutr/original/Gramble-Blamble.pdf?u=6bapu1&download=true,https://austin.widen.net/view/pdf/bqeqtgrutr/Gramble-Blamble.pdf?t.download=true&u=6bapu1,"<iframe src=""https://austin.widen.net/view/pdf/bqeqtgrutr/Gramble-Blamble.pdf?t.download=true&u=srvgw2"" webkitallowfullscreen mozallowfullscreen allowfullscreen title=""Document for &quot;Gramble-Blamble.pdf&quot;"" ></iframe>"
Gormenghast Castle.pdf,https://austin.widen.net/content/ea2ueczf9q/original/Gormenghast-Castle.pdf?u=6bapu1&download=true,https://austin.widen.net/view/pdf/ea2ueczf9q/Gormenghast-Castle.pdf?t.download=true&u=6bapu1,"<iframe src=""https://austin.widen.net/view/pdf/ea2ueczf9q/Gormenghast-Castle.pdf?t.download=true&u=srvgw2"" webkitallowfullscreen mozallowfullscreen allowfullscreen title=""Document for &quot;Gormenghast Castle.pdf&quot;"" ></iframe>"
Gethen.pdf,https://austin.widen.net/content/bagptlqafp/original/Gethen.pdf?u=6bapu1&download=true,https://austin.widen.net/view/pdf/bagptlqafp/Gethen.pdf?t.download=true&u=6bapu1,"<iframe src=""https://austin.widen.net/view/pdf/bagptlqafp/Gethen.pdf?t.download=true&u=srvgw2"" webkitallowfullscreen mozallowfullscreen allowfullscreen title=""Document for &quot;Gethen.pdf&quot;"" ></iframe>"
Genovia.pdf,https://austin.widen.net/content/vt7xojohdc/original/Genovia.pdf?u=6bapu1&download=true,https://austin.widen.net/view/pdf/vt7xojohdc/Genovia.pdf?t.download=true&u=6bapu1,"<iframe src=""https://austin.widen.net/view/pdf/vt7xojohdc/Genovia.pdf?t.download=true&u=srvgw2"" webkitallowfullscreen mozallowfullscreen allowfullscreen title=""Document for &quot;Genovia.pdf&quot;"" ></iframe>"
Gallifrey.pdf,https://austin.widen.net/content/bo44si5bkd/original/Gallifrey.pdf?u=6bapu1&download=true,https://austin.widen.net/view/pdf/bo44si5bkd/Gallifrey.pdf?t.download=true&u=6bapu1,"<iframe src=""https://austin.widen.net/view/pdf/bo44si5bkd/Gallifrey.pdf?t.download=true&u=srvgw2"" webkitallowfullscreen mozallowfullscreen allowfullscreen title=""Document for &quot;Gallifrey.pdf&quot;"" ></iframe>"
Galactic Sector ZZ9 Plural Z Alpha.pdf,https://austin.widen.net/content/9zcrii8s5u/original/Galactic-Sector-ZZ9-Plural-Z-Alpha.pdf?u=6bapu1&download=true,https://austin.widen.net/view/pdf/9zcrii8s5u/Galactic-Sector-ZZ9-Plural-Z-Alpha.pdf?t.download=true&u=6bapu1,"<iframe src=""https://austin.widen.net/view/pdf/9zcrii8s5u/Galactic-Sector-ZZ9-Plural-Z-Alpha.pdf?t.download=true&u=srvgw2"" webkitallowfullscreen mozallowfullscreen allowfullscreen title=""Document for &quot;Galactic Sector ZZ9 Plural Z Alpha.pdf&quot;"" ></iframe>"
Freedonia.pdf,https://austin.widen.net/content/spw9endjqj/original/Freedonia.pdf?u=6bapu1&download=true,https://austin.widen.net/view/pdf/spw9endjqj/Freedonia.pdf?t.download=true&u=6bapu1,"<iframe src=""https://austin.widen.net/view/pdf/spw9endjqj/Freedonia.pdf?t.download=true&u=srvgw2"" webkitallowfullscreen mozallowfullscreen allowfullscreen title=""Document for &quot;Freedonia.pdf&quot;"" ></iframe>"
Fraggle Rock.pdf,https://austin.widen.net/content/i0oykpicgm/original/Fraggle-Rock.pdf?u=6bapu1&download=true,https://austin.widen.net/view/pdf/i0oykpicgm/Fraggle-Rock.pdf?t.download=true&u=6bapu1,"<iframe src=""https://austin.widen.net/view/pdf/i0oykpicgm/Fraggle-Rock.pdf?t.download=true&u=srvgw2"" webkitallowfullscreen mozallowfullscreen allowfullscreen title=""Document for &quot;Fraggle Rock.pdf&quot;"" ></iframe>"
Flatland.pdf,https://austin.widen.net/content/hxpev3uftp/original/Flatland.pdf?u=6bapu1&download=true,https://austin.widen.net/view/pdf/hxpev3uftp/Flatland.pdf?t.download=true&u=6bapu1,"<iframe src=""https://austin.widen.net/view/pdf/hxpev3uftp/Flatland.pdf?t.download=true&u=srvgw2"" webkitallowfullscreen mozallowfullscreen allowfullscreen title=""Document for &quot;Flatland.pdf&quot;"" ></iframe>"
Fillory.pdf,https://austin.widen.net/content/6efsbql0eh/original/Fillory.pdf?u=6bapu1&download=true,https://austin.widen.net/view/pdf/6efsbql0eh/Fillory.pdf?t.download=true&u=6bapu1,"<iframe src=""https://austin.widen.net/view/pdf/6efsbql0eh/Fillory.pdf?t.download=true&u=srvgw2"" webkitallowfullscreen mozallowfullscreen allowfullscreen title=""Document for &quot;Fillory.pdf&quot;"" ></iframe>"
Fantastica.pdf,https://austin.widen.net/content/au0sgwekzj/original/Fantastica.pdf?u=6bapu1&download=true,https://austin.widen.net/view/pdf/au0sgwekzj/Fantastica.pdf?t.download=true&u=6bapu1,"<iframe src=""https://austin.widen.net/view/pdf/au0sgwekzj/Fantastica.pdf?t.download=true&u=srvgw2"" webkitallowfullscreen mozallowfullscreen allowfullscreen title=""Document for &quot;Fantastica.pdf&quot;"" ></iframe>"
Erewhon.pdf,https://austin.widen.net/content/axrhbjy93m/original/Erewhon.pdf?u=6bapu1&download=true,https://austin.widen.net/view/pdf/axrhbjy93m/Erewhon.pdf?t.download=true&u=6bapu1,"<iframe src=""https://austin.widen.net/view/pdf/axrhbjy93m/Erewhon.pdf?t.download=true&u=srvgw2"" webkitallowfullscreen mozallowfullscreen allowfullscreen title=""Document for &quot;Erewhon.pdf&quot;"" ></iframe>"
Equestria.pdf,https://austin.widen.net/content/yippr5yeg9/original/Equestria.pdf?u=6bapu1&download=true,https://austin.widen.net/view/pdf/yippr5yeg9/Equestria.pdf?t.download=true&u=6bapu1,"<iframe src=""https://austin.widen.net/view/pdf/yippr5yeg9/Equestria.pdf?t.download=true&u=srvgw2"" webkitallowfullscreen mozallowfullscreen allowfullscreen title=""Document for &quot;Equestria.pdf&quot;"" ></iframe>"
Digitopolis.pdf,https://austin.widen.net/content/dyzncg5rhc/original/Digitopolis.pdf?u=6bapu1&download=true,https://austin.widen.net/view/pdf/dyzncg5rhc/Digitopolis.pdf?t.download=true&u=6bapu1,"<iframe src=""https://austin.widen.net/view/pdf/dyzncg5rhc/Digitopolis.pdf?t.download=true&u=srvgw2"" webkitallowfullscreen mozallowfullscreen allowfullscreen title=""Document for &quot;Digitopolis.pdf&quot;"" ></iframe>"
Delta-Quadrant.pdf,https://austin.widen.net/content/2sdjmdhwat/original/Delta-Quadrant.pdf?u=6bapu1&download=true,https://austin.widen.net/view/pdf/2sdjmdhwat/Delta-Quadrant.pdf?t.download=true&u=6bapu1,"<iframe src=""https://austin.widen.net/view/pdf/2sdjmdhwat/Delta-Quadrant.pdf?t.download=true&u=srvgw2"" webkitallowfullscreen mozallowfullscreen allowfullscreen title=""Document for &quot;Delta-Quadrant.pdf&quot;"" ></iframe>"
Delmak-O.pdf,https://austin.widen.net/content/tbznjwqfgl/original/Delmak-O.pdf?u=6bapu1&download=true,https://austin.widen.net/view/pdf/tbznjwqfgl/Delmak-O.pdf?t.download=true&u=6bapu1,"<iframe src=""https://austin.widen.net/view/pdf/tbznjwqfgl/Delmak-O.pdf?t.download=true&u=srvgw2"" webkitallowfullscreen mozallowfullscreen allowfullscreen title=""Document for &quot;Delmak-O.pdf&quot;"" ></iframe>"
Cyberspace.pdf,https://austin.widen.net/content/nd8anhci6r/original/Cyberspace.pdf?u=6bapu1&download=true,https://austin.widen.net/view/pdf/nd8anhci6r/Cyberspace.pdf?t.download=true&u=6bapu1,"<iframe src=""https://austin.widen.net/view/pdf/nd8anhci6r/Cyberspace.pdf?t.download=true&u=srvgw2"" webkitallowfullscreen mozallowfullscreen allowfullscreen title=""Document for &quot;Cyberspace.pdf&quot;"" ></iframe>"
Crusoe's Island.pdf,https://austin.widen.net/content/xox3cvaudl/original/Crusoes-Island.pdf?u=6bapu1&download=true,https://austin.widen.net/view/pdf/xox3cvaudl/Crusoes-Island.pdf?t.download=true&u=6bapu1,"<iframe src=""https://austin.widen.net/view/pdf/xox3cvaudl/Crusoes-Island.pdf?t.download=true&u=srvgw2"" webkitallowfullscreen mozallowfullscreen allowfullscreen title=""Document for &quot;Crusoe's Island.pdf&quot;"" ></iframe>"
Co-pern-ica.pdf,https://austin.widen.net/content/nyxvgwj0ha/original/Co-pern-ica.pdf?u=6bapu1&download=true,https://austin.widen.net/view/pdf/nyxvgwj0ha/Co-pern-ica.pdf?t.download=true&u=6bapu1,"<iframe src=""https://austin.widen.net/view/pdf/nyxvgwj0ha/Co-pern-ica.pdf?t.download=true&u=srvgw2"" webkitallowfullscreen mozallowfullscreen allowfullscreen title=""Document for &quot;Co-pern-ica.pdf&quot;"" ></iframe>"
Cloudcuckooland.pdf,https://austin.widen.net/content/rkzajnisqw/original/Cloudcuckooland.pdf?u=6bapu1&download=true,https://austin.widen.net/view/pdf/rkzajnisqw/Cloudcuckooland.pdf?t.download=true&u=6bapu1,"<iframe src=""https://austin.widen.net/view/pdf/rkzajnisqw/Cloudcuckooland.pdf?t.download=true&u=srvgw2"" webkitallowfullscreen mozallowfullscreen allowfullscreen title=""Document for &quot;Cloudcuckooland.pdf&quot;"" ></iframe>"
City of Glass.pdf,https://austin.widen.net/content/ag3hbt2chc/original/City-of-Glass.pdf?u=6bapu1&download=true,https://austin.widen.net/view/pdf/ag3hbt2chc/City-of-Glass.pdf?t.download=true&u=6bapu1,"<iframe src=""https://austin.widen.net/view/pdf/ag3hbt2chc/City-of-Glass.pdf?t.download=true&u=srvgw2"" webkitallowfullscreen mozallowfullscreen allowfullscreen title=""Document for &quot;City of Glass.pdf&quot;"" ></iframe>"
City of Brass.pdf,https://austin.widen.net/content/qr1s4askak/original/City-of-Brass.pdf?u=6bapu1&download=true,https://austin.widen.net/view/pdf/qr1s4askak/City-of-Brass.pdf?t.download=true&u=6bapu1,"<iframe src=""https://austin.widen.net/view/pdf/qr1s4askak/City-of-Brass.pdf?t.download=true&u=srvgw2"" webkitallowfullscreen mozallowfullscreen allowfullscreen title=""Document for &quot;City of Brass.pdf&quot;"" ></iframe>"
Cittagazze.pdf,https://austin.widen.net/content/eisnwu6gca/original/Cittagazze.pdf?u=6bapu1&download=true,https://austin.widen.net/view/pdf/eisnwu6gca/Cittagazze.pdf?t.download=true&u=6bapu1,"<iframe src=""https://austin.widen.net/view/pdf/eisnwu6gca/Cittagazze.pdf?t.download=true&u=srvgw2"" webkitallowfullscreen mozallowfullscreen allowfullscreen title=""Document for &quot;Cittagazze.pdf&quot;"" ></iframe>"
Cimmeria.pdf,https://austin.widen.net/content/v1nrg8l8uq/original/Cimmeria.pdf?u=6bapu1&download=true,https://austin.widen.net/view/pdf/v1nrg8l8uq/Cimmeria.pdf?t.download=true&u=6bapu1,"<iframe src=""https://austin.widen.net/view/pdf/v1nrg8l8uq/Cimmeria.pdf?t.download=true&u=srvgw2"" webkitallowfullscreen mozallowfullscreen allowfullscreen title=""Document for &quot;Cimmeria.pdf&quot;"" ></iframe>"
ChiChi Raha.pdf,https://austin.widen.net/content/0k16gqk5rf/original/ChiChi-Raha.pdf?u=6bapu1&download=true,https://austin.widen.net/view/pdf/0k16gqk5rf/ChiChi-Raha.pdf?t.download=true&u=6bapu1,"<iframe src=""https://austin.widen.net/view/pdf/0k16gqk5rf/ChiChi-Raha.pdf?t.download=true&u=srvgw2"" webkitallowfullscreen mozallowfullscreen allowfullscreen title=""Document for &quot;ChiChi Raha.pdf&quot;"" ></iframe>"
Chewandswallow.pdf,https://austin.widen.net/content/dpe5kwelew/original/Chewandswallow.pdf?u=6bapu1&download=true,https://austin.widen.net/view/pdf/dpe5kwelew/Chewandswallow.pdf?t.download=true&u=6bapu1,"<iframe src=""https://austin.widen.net/view/pdf/dpe5kwelew/Chewandswallow.pdf?t.download=true&u=srvgw2"" webkitallowfullscreen mozallowfullscreen allowfullscreen title=""Document for &quot;Chewandswallow.pdf&quot;"" ></iframe>"
Celesteville.pdf,https://austin.widen.net/content/u8uew4ssnk/original/Celesteville.pdf?u=6bapu1&download=true,https://austin.widen.net/view/pdf/u8uew4ssnk/Celesteville.pdf?t.download=true&u=6bapu1,"<iframe src=""https://austin.widen.net/view/pdf/u8uew4ssnk/Celesteville.pdf?t.download=true&u=srvgw2"" webkitallowfullscreen mozallowfullscreen allowfullscreen title=""Document for &quot;Celesteville.pdf&quot;"" ></iframe>"
Candy Land.pdf,https://austin.widen.net/content/cge0xqeynf/original/Candy-Land.pdf?u=6bapu1&download=true,https://austin.widen.net/view/pdf/cge0xqeynf/Candy-Land.pdf?t.download=true&u=6bapu1,"<iframe src=""https://austin.widen.net/view/pdf/cge0xqeynf/Candy-Land.pdf?t.download=true&u=srvgw2"" webkitallowfullscreen mozallowfullscreen allowfullscreen title=""Document for &quot;Candy Land.pdf&quot;"" ></iframe>"
Camelot.pdf,https://austin.widen.net/content/hm4zpampln/original/Camelot.pdf?u=6bapu1&download=true,https://austin.widen.net/view/pdf/hm4zpampln/Camelot.pdf?t.download=true&u=6bapu1,"<iframe src=""https://austin.widen.net/view/pdf/hm4zpampln/Camelot.pdf?t.download=true&u=srvgw2"" webkitallowfullscreen mozallowfullscreen allowfullscreen title=""Document for &quot;Camelot.pdf&quot;"" ></iframe>"
Camazotz.pdf,https://austin.widen.net/content/hyft0uyh9h/original/Camazotz.pdf?u=6bapu1&download=true,https://austin.widen.net/view/pdf/hyft0uyh9h/Camazotz.pdf?t.download=true&u=6bapu1,"<iframe src=""https://austin.widen.net/view/pdf/hyft0uyh9h/Camazotz.pdf?t.download=true&u=srvgw2"" webkitallowfullscreen mozallowfullscreen allowfullscreen title=""Document for &quot;Camazotz.pdf&quot;"" ></iframe>"
Busytown.pdf,https://austin.widen.net/content/1qnwdstmsf/original/Busytown.pdf?u=6bapu1&download=true,https://austin.widen.net/view/pdf/1qnwdstmsf/Busytown.pdf?t.download=true&u=6bapu1,"<iframe src=""https://austin.widen.net/view/pdf/1qnwdstmsf/Busytown.pdf?t.download=true&u=srvgw2"" webkitallowfullscreen mozallowfullscreen allowfullscreen title=""Document for &quot;Busytown.pdf&quot;"" ></iframe>"
Brigadoon.pdf,https://austin.widen.net/content/p3jlyqwesf/original/Brigadoon.pdf?u=6bapu1&download=true,https://austin.widen.net/view/pdf/p3jlyqwesf/Brigadoon.pdf?t.download=true&u=6bapu1,"<iframe src=""https://austin.widen.net/view/pdf/p3jlyqwesf/Brigadoon.pdf?t.download=true&u=srvgw2"" webkitallowfullscreen mozallowfullscreen allowfullscreen title=""Document for &quot;Brigadoon.pdf&quot;"" ></iframe>"
Bottle City of Kandor.pdf,https://austin.widen.net/content/dowmhmjulp/original/Bottle-City-of-Kandor.pdf?u=6bapu1&download=true,https://austin.widen.net/view/pdf/dowmhmjulp/Bottle-City-of-Kandor.pdf?t.download=true&u=6bapu1,"<iframe src=""https://austin.widen.net/view/pdf/dowmhmjulp/Bottle-City-of-Kandor.pdf?t.download=true&u=srvgw2"" webkitallowfullscreen mozallowfullscreen allowfullscreen title=""Document for &quot;Bottle City of Kandor.pdf&quot;"" ></iframe>"
Blazing-World.pdf,https://austin.widen.net/content/74a2qlkk2d/original/Blazing-World.pdf?u=6bapu1&download=true,https://austin.widen.net/view/pdf/74a2qlkk2d/Blazing-World.pdf?t.download=true&u=6bapu1,"<iframe src=""https://austin.widen.net/view/pdf/74a2qlkk2d/Blazing-World.pdf?t.download=true&u=srvgw2"" webkitallowfullscreen mozallowfullscreen allowfullscreen title=""Document for &quot;Blazing-World.pdf&quot;"" ></iframe>"
Azeroth.pdf,https://austin.widen.net/content/g3arotuzwr/original/Azeroth.pdf?u=6bapu1&download=true,https://austin.widen.net/view/pdf/g3arotuzwr/Azeroth.pdf?t.download=true&u=6bapu1,"<iframe src=""https://austin.widen.net/view/pdf/g3arotuzwr/Azeroth.pdf?t.download=true&u=srvgw2"" webkitallowfullscreen mozallowfullscreen allowfullscreen title=""Document for &quot;Azeroth.pdf&quot;"" ></iframe>"
Avonlea.pdf,https://austin.widen.net/content/kopxplxwoc/original/Avonlea.pdf?u=6bapu1&download=true,https://austin.widen.net/view/pdf/kopxplxwoc/Avonlea.pdf?t.download=true&u=6bapu1,"<iframe src=""https://austin.widen.net/view/pdf/kopxplxwoc/Avonlea.pdf?t.download=true&u=srvgw2"" webkitallowfullscreen mozallowfullscreen allowfullscreen title=""Document for &quot;Avonlea.pdf&quot;"" ></iframe>"
Atlantis.pdf,https://austin.widen.net/content/4ogvieqzrv/original/Atlantis.pdf?u=6bapu1&download=true,https://austin.widen.net/view/pdf/4ogvieqzrv/Atlantis.pdf?t.download=true&u=6bapu1,"<iframe src=""https://austin.widen.net/view/pdf/4ogvieqzrv/Atlantis.pdf?t.download=true&u=srvgw2"" webkitallowfullscreen mozallowfullscreen allowfullscreen title=""Document for &quot;Atlantis.pdf&quot;"" ></iframe>"
Asteroid B-612.pdf,https://austin.widen.net/content/mtt068q50j/original/Asteroid-B-612.pdf?u=6bapu1&download=true,https://austin.widen.net/view/pdf/mtt068q50j/Asteroid-B-612.pdf?t.download=true&u=6bapu1,"<iframe src=""https://austin.widen.net/view/pdf/mtt068q50j/Asteroid-B-612.pdf?t.download=true&u=srvgw2"" webkitallowfullscreen mozallowfullscreen allowfullscreen title=""Document for &quot;Asteroid B-612.pdf&quot;"" ></iframe>"
Arrakis.pdf,https://austin.widen.net/content/gfwd1xot3k/original/Arrakis.pdf?u=6bapu1&download=true,https://austin.widen.net/view/pdf/gfwd1xot3k/Arrakis.pdf?t.download=true&u=6bapu1,"<iframe src=""https://austin.widen.net/view/pdf/gfwd1xot3k/Arrakis.pdf?t.download=true&u=srvgw2"" webkitallowfullscreen mozallowfullscreen allowfullscreen title=""Document for &quot;Arrakis.pdf&quot;"" ></iframe>"
Alphabet Island.pdf,https://austin.widen.net/content/hqprhdlmda/original/Alphabet-Island.pdf?u=6bapu1&download=true,https://austin.widen.net/view/pdf/hqprhdlmda/Alphabet-Island.pdf?t.download=true&u=6bapu1,"<iframe src=""https://austin.widen.net/view/pdf/hqprhdlmda/Alphabet-Island.pdf?t.download=true&u=srvgw2"" webkitallowfullscreen mozallowfullscreen allowfullscreen title=""Document for &quot;Alphabet Island.pdf&quot;"" ></iframe>"
All-World.pdf,https://austin.widen.net/content/dhyiufrhcx/original/All-World.pdf?u=6bapu1&download=true,https://austin.widen.net/view/pdf/dhyiufrhcx/All-World.pdf?t.download=true&u=6bapu1,"<iframe src=""https://austin.widen.net/view/pdf/dhyiufrhcx/All-World.pdf?t.download=true&u=srvgw2"" webkitallowfullscreen mozallowfullscreen allowfullscreen title=""Document for &quot;All-World.pdf&quot;"" ></iframe>"
Airstrip One.pdf,https://austin.widen.net/content/bfbicltj91/original/Airstrip-One.pdf?u=6bapu1&download=true,https://austin.widen.net/view/pdf/bfbicltj91/Airstrip-One.pdf?t.download=true&u=6bapu1,"<iframe src=""https://austin.widen.net/view/pdf/bfbicltj91/Airstrip-One.pdf?t.download=true&u=srvgw2"" webkitallowfullscreen mozallowfullscreen allowfullscreen title=""Document for &quot;Airstrip One.pdf&quot;"" ></iframe>"
Abame.pdf,https://austin.widen.net/content/r3wyqmkqo7/original/Abame.pdf?u=6bapu1&download=true,https://austin.widen.net/view/pdf/r3wyqmkqo7/Abame.pdf?t.download=true&u=6bapu1,"<iframe src=""https://austin.widen.net/view/pdf/r3wyqmkqo7/Abame.pdf?u=srvgw2"" webkitallowfullscreen mozallowfullscreen allowfullscreen title=""Document for &quot;Abame.pdf&quot;"" ></iframe>"
